anio,mes,dia,pm25,festivo,temperatura,humedad,presion,p1,velocidad_prom,velocidad_max,direccion_prom,direccion_max,dia_semana_Fin de Semana,dia_semana_Inicio Semana,dia_semana_Media semana,estacion_Estacion Aranjuez,estacion_Estacion Belen,estacion_Estacion Caldas,estacion_Estacion Itagui
2024,1,1,18,1,21,81,0,0,1,2,108,84,0,1,0,0,0,0,1
2024,1,2,11,0,21,83,0,0,2,2,55,56,0,1,0,0,0,0,1
2024,1,3,13,0,21,76,0,0,1,2,114,93,0,1,0,0,0,0,1
2024,1,5,19,0,20,79,0,0,1,2,167,175,0,0,1,0,0,0,1
2024,1,6,17,0,22,74,0,0,1,2,170,183,1,0,0,0,0,0,1
2024,1,7,11,0,22,75,0,0,2,3,62,61,1,0,0,0,0,0,1
2024,1,8,18,1,22,77,0,0,1,2,166,182,0,1,0,0,0,0,1
2024,1,9,21,0,22,80,0,0,1,2,164,184,0,1,0,0,0,0,1
2024,1,10,23,0,22,81,0,0,2,2,34,43,0,1,0,0,0,0,1
2024,1,11,24,0,22,82,0,0,1,2,115,83,0,0,1,0,0,0,1
2024,1,14,17,0,21,77,0,0,2,3,96,71,1,0,0,0,0,0,1
2024,1,15,17,0,23,72,0,0,2,3,102,82,0,1,0,0,0,0,1
2024,1,16,27,0,22,72,0,0,2,3,165,180,0,1,0,0,0,0,1
2024,1,17,24,0,23,76,0,0,2,3,147,167,0,1,0,0,0,0,1
2024,1,18,21,0,23,71,0,0,2,3,129,110,0,0,1,0,0,0,1
2024,1,19,28,0,23,73,0,0,2,2,157,167,0,0,1,0,0,0,1
2024,1,20,27,0,23,74,0,0,2,3,157,183,1,0,0,0,0,0,1
2024,1,21,24,0,23,72,0,0,2,3,121,109,1,0,0,0,0,0,1
2024,1,22,20,0,23,71,0,0,2,3,75,74,0,1,0,0,0,0,1
2024,1,23,22,0,23,66,0,0,2,3,169,183,0,1,0,0,0,0,1
2024,1,24,32,0,23,67,0,0,2,3,160,186,0,1,0,0,0,0,1
2024,1,29,34,0,23,79,0,0,1,2,105,85,0,1,0,0,0,0,1
2024,1,30,27,0,22,81,0,0,2,3,41,48,0,1,0,0,0,0,1
2024,1,31,26,0,22,81,0,0,2,2,68,62,0,1,0,0,0,0,1
2024,2,1,28,0,21,85,0,0,1,2,36,42,0,0,1,0,0,0,1
2024,2,2,34,0,21,84,0,0,1,2,173,184,0,0,1,0,0,0,1
2024,2,3,15,0,20,83,0,0,1,1,170,183,1,0,0,0,0,0,1
2024,2,4,21,0,20,83,0,0,1,1,176,187,1,0,0,0,0,0,1
2024,2,6,20,0,21,84,0,0,1,2,173,189,0,1,0,0,0,0,1
2024,2,7,14,0,22,82,0,0,1,2,67,63,0,1,0,0,0,0,1
2024,2,8,7,0,20,86,0,0,2,3,30,35,0,0,1,0,0,0,1
2024,2,9,14,0,21,82,0,0,2,3,47,49,0,0,1,0,0,0,1
2024,2,10,15,0,23,74,0,0,2,3,101,85,1,0,0,0,0,0,1
2024,2,11,15,0,23,72,0,0,2,3,109,86,1,0,0,0,0,0,1
2024,2,12,24,0,24,76,0,0,1,2,170,185,0,1,0,0,0,0,1
2024,2,13,29,0,23,76,0,0,2,3,97,78,0,1,0,0,0,0,1
2024,2,14,26,0,22,79,0,0,2,3,88,73,0,1,0,0,0,0,1
2024,2,15,21,0,24,70,0,0,2,3,151,151,0,0,1,0,0,0,1
2024,2,16,21,0,24,71,0,0,2,3,144,141,0,0,1,0,0,0,1
2024,2,17,23,0,24,76,0,0,1,2,169,184,1,0,0,0,0,0,1
2024,2,19,25,0,23,74,0,0,2,3,107,83,0,1,0,0,0,0,1
2024,2,20,31,0,22,76,0,0,2,3,165,167,0,1,0,0,0,0,1
2024,2,21,29,0,21,79,0,0,1,2,174,190,0,1,0,0,0,0,1
2024,2,22,13,0,21,78,0,0,2,3,129,126,0,0,1,0,0,0,1
2024,2,23,18,0,22,76,0,0,2,3,60,62,0,0,1,0,0,0,1
2024,2,24,20,0,22,73,0,0,1,2,98,75,1,0,0,0,0,0,1
2024,2,25,21,0,22,75,0,0,2,2,54,58,1,0,0,0,0,0,1
2024,2,26,34,0,19,82,0,0,1,2,158,180,0,1,0,0,0,0,1
2024,3,2,40,0,22,77,0,0,1,2,151,174,1,0,0,0,0,0,1
2024,3,3,31,0,20,80,0,0,1,2,165,184,1,0,0,0,0,0,1
2024,3,8,35,0,23,73,0,0,2,3,125,105,0,0,1,0,0,0,1
2024,3,9,37,0,21,81,0,0,1,2,159,180,1,0,0,0,0,0,1
2024,3,10,28,0,24,71,0,0,2,3,126,141,1,0,0,0,0,0,1
2024,3,11,35,0,22,82,0,0,1,2,144,166,0,1,0,0,0,0,1
2024,3,12,24,0,24,71,0,0,2,3,100,83,0,1,0,0,0,0,1
2024,3,13,30,0,23,77,0,0,1,2,159,182,0,1,0,0,0,0,1
2024,3,14,27,0,24,73,0,0,2,2,102,85,0,0,1,0,0,0,1
2024,3,15,30,0,25,70,0,0,2,3,162,182,0,0,1,0,0,0,1
2024,3,16,38,0,24,77,0,0,2,3,120,110,1,0,0,0,0,0,1
2024,3,17,32,0,23,78,0,0,1,2,77,68,1,0,0,0,0,0,1
2024,3,18,35,0,25,71,0,0,2,3,152,180,0,1,0,0,0,0,1
2024,3,19,25,0,21,79,0,0,1,2,173,184,0,1,0,0,0,0,1
2024,3,20,35,0,21,83,0,0,1,2,164,181,0,1,0,0,0,0,1
2024,3,21,27,0,22,80,0,0,1,2,132,125,0,0,1,0,0,0,1
2024,4,2,30,0,20,83,0,0,0,1,158,181,0,1,0,0,0,0,1
2024,4,3,23,0,20,85,0,0,1,1,165,183,0,1,0,0,0,0,1
2024,4,5,18,0,23,77,0,0,1,2,124,117,0,0,1,0,0,0,1
2024,4,6,19,0,22,77,0,0,2,2,165,180,1,0,0,0,0,0,1
2024,4,7,15,0,23,73,0,0,2,3,103,87,1,0,0,0,0,0,1
2024,4,8,19,0,24,75,0,0,2,3,158,158,0,1,0,0,0,0,1
2024,4,9,32,0,23,71,0,0,2,3,157,126,0,1,0,0,0,0,1
2024,4,10,31,0,23,70,0,0,2,3,162,182,0,1,0,0,0,0,1
2024,4,11,36,0,24,73,0,0,2,2,143,141,0,0,1,0,0,0,1
2024,4,12,36,0,24,72,0,0,1,2,130,134,0,0,1,0,0,0,1
2024,5,16,21,0,20,87,0,0,1,2,130,174,0,0,1,0,0,0,1
2024,5,17,18,0,22,84,0,0,1,2,134,227,0,0,1,0,0,0,1
2024,5,18,13,0,23,78,0,0,1,2,280,280,1,0,0,0,0,0,1
2024,5,19,13,0,23,78,0,0,1,1,131,175,1,0,0,0,0,0,1
2024,5,20,19,0,22,81,0,0,1,2,129,150,0,1,0,0,0,0,1
2024,5,21,16,0,21,89,0,0,1,2,164,267,0,1,0,0,0,0,1
2024,5,22,26,0,21,87,0,0,1,1,135,182,0,1,0,0,0,0,1
2024,5,23,20,0,20,88,0,0,1,1,149,215,0,0,1,0,0,0,1
2024,5,24,13,0,22,84,0,0,1,2,275,282,0,0,1,0,0,0,1
2024,5,25,17,0,20,85,0,0,1,2,291,289,1,0,0,0,0,0,1
2024,5,26,16,0,21,85,0,0,1,1,131,170,1,0,0,0,0,0,1
2024,5,27,19,0,20,88,0,0,1,1,139,187,0,1,0,0,0,0,1
2024,5,28,19,0,22,81,0,0,1,1,140,199,0,1,0,0,0,0,1
2024,5,29,16,0,21,88,0,0,1,1,135,174,0,1,0,0,0,0,1
2024,5,30,16,0,20,87,0,0,1,1,135,199,0,0,1,0,0,0,1
2024,5,31,20,0,22,83,0,0,1,1,133,162,0,0,1,0,0,0,1
2024,6,1,15,0,23,74,0,0,1,2,126,150,1,0,0,0,0,0,1
2024,6,2,11,0,21,84,0,0,1,2,135,180,1,0,0,0,0,0,1
2024,6,3,12,1,21,85,0,0,1,1,128,150,0,1,0,0,0,0,1
2024,6,4,22,0,20,89,0,0,1,1,124,175,0,1,0,0,0,0,1
2024,6,5,18,0,21,82,0,0,1,2,123,175,0,1,0,0,0,0,1
2024,6,6,17,0,21,83,0,0,1,2,124,174,0,0,1,0,0,0,1
2024,6,7,14,0,22,81,0,0,1,2,280,283,0,0,1,0,0,0,1
2024,6,8,14,0,22,80,0,0,1,2,134,199,1,0,0,0,0,0,1
2024,6,9,10,0,19,86,0,0,1,2,134,175,1,0,0,0,0,0,1
2024,6,10,21,1,20,87,0,0,1,1,129,182,0,1,0,0,0,0,1
2024,6,11,18,0,20,82,0,0,0,1,135,182,0,1,0,0,0,0,1
2024,6,12,13,0,23,76,0,0,1,2,126,174,0,1,0,0,0,0,1
2024,6,13,17,0,20,86,0,0,1,2,139,217,0,0,1,0,0,0,1
2024,6,14,19,0,21,85,0,0,1,1,131,191,0,0,1,0,0,0,1
2024,6,15,10,0,20,84,0,0,1,2,131,192,1,0,0,0,0,0,1
2024,6,16,7,0,20,86,0,0,1,2,272,275,1,0,0,0,0,0,1
2024,6,17,15,0,21,78,0,0,1,2,129,191,0,1,0,0,0,0,1
2024,6,18,15,0,20,83,0,0,1,2,134,199,0,1,0,0,0,0,1
2024,6,19,23,0,18,86,0,0,1,2,128,182,0,1,0,0,0,0,1
2024,6,20,16,0,21,84,0,0,1,1,132,207,0,0,1,0,0,0,1
2024,6,21,13,0,22,84,0,0,1,2,304,299,0,0,1,0,0,0,1
2024,6,22,18,0,20,84,0,0,1,1,122,142,1,0,0,0,0,0,1
2024,6,23,14,0,20,85,0,0,1,1,124,185,1,0,0,0,0,0,1
2024,6,24,18,0,22,82,0,0,0,1,126,175,0,1,0,0,0,0,1
2024,6,25,13,0,20,85,0,0,1,2,122,166,0,1,0,0,0,0,1
2024,6,26,16,0,20,84,0,0,1,1,139,207,0,1,0,0,0,0,1
2024,6,27,16,0,19,87,0,0,1,1,128,199,0,0,1,0,0,0,1
2024,6,28,16,0,19,87,0,0,1,1,152,265,0,0,1,0,0,0,1
2024,6,29,15,0,19,87,0,0,1,1,136,217,1,0,0,0,0,0,1
2024,6,30,11,0,19,87,0,0,1,2,152,256,1,0,0,0,0,0,1
2024,7,1,16,1,21,81,0,0,1,2,131,186,0,1,0,0,0,0,1
2024,7,2,17,0,21,85,0,0,1,2,138,257,0,1,0,0,0,0,1
2024,7,3,19,0,20,85,0,0,1,2,122,150,0,1,0,0,0,0,1
2024,7,4,14,0,20,82,0,0,1,2,147,215,0,0,1,0,0,0,1
2024,7,5,16,0,19,85,0,0,1,1,126,175,0,0,1,0,0,0,1
2024,7,6,18,0,21,77,0,0,1,2,125,155,1,0,0,0,0,0,1
2024,7,7,16,0,23,76,0,0,1,2,125,150,1,0,0,0,0,0,1
2024,7,8,15,0,23,72,0,0,2,3,121,134,0,1,0,0,0,0,1
2024,7,9,17,0,22,73,0,0,2,2,135,207,0,1,0,0,0,0,1
2024,7,10,15,0,22,79,0,0,1,2,118,123,0,1,0,0,0,0,1
2024,7,11,20,0,23,76,0,0,1,2,143,223,0,0,1,0,0,0,1
2024,7,12,20,0,19,84,0,0,1,2,136,240,0,0,1,0,0,0,1
2024,7,13,19,0,22,74,0,0,1,2,121,134,1,0,0,0,0,0,1
2024,7,14,12,0,23,71,0,0,2,3,117,107,1,0,0,0,0,0,1
2024,7,15,16,0,23,75,0,0,1,2,137,211,0,1,0,0,0,0,1
2024,7,16,18,0,23,72,0,0,1,2,126,182,0,1,0,0,0,0,1
2024,7,17,19,0,23,75,0,0,1,2,140,200,0,1,0,0,0,0,1
2024,7,18,18,0,22,78,0,0,1,2,147,240,0,0,1,0,0,0,1
2024,7,19,16,0,22,81,0,0,1,2,286,286,0,0,1,0,0,0,1
2024,7,20,13,1,23,71,0,0,2,3,120,134,1,0,0,0,0,0,1
2024,7,21,10,0,23,77,0,0,2,3,120,134,1,0,0,0,0,0,1
2024,7,22,11,0,24,72,0,0,1,3,130,180,0,1,0,0,0,0,1
2024,7,23,19,0,22,77,0,0,1,2,130,174,0,1,0,0,0,0,1
2024,7,24,19,0,23,72,0,0,2,3,114,85,0,1,0,0,0,0,1
2024,7,25,20,0,22,81,0,0,1,2,152,266,0,0,1,0,0,0,1
2024,7,26,25,0,23,81,0,0,1,2,146,271,0,0,1,0,0,0,1
2024,7,27,15,0,22,77,0,0,1,2,154,239,1,0,0,0,0,0,1
2024,7,28,13,0,22,79,0,0,2,2,128,175,1,0,0,0,0,0,1
2024,7,29,13,0,24,70,0,0,2,3,120,125,0,1,0,0,0,0,1
2024,7,30,20,0,22,70,0,0,1,2,129,175,0,1,0,0,0,0,1
2024,7,31,19,0,23,71,0,0,2,3,126,150,0,1,0,0,0,0,1
2024,8,1,17,0,23,67,0,0,1,2,142,200,0,0,1,0,0,0,1
2024,8,2,18,0,23,68,0,0,2,3,123,141,0,0,1,0,0,0,1
2024,8,3,17,0,22,79,0,0,1,2,280,279,1,0,0,0,0,0,1
2024,8,4,15,0,22,81,0,0,1,2,297,292,1,0,0,0,0,0,1
2024,8,5,17,0,19,88,0,0,1,2,124,134,0,1,0,0,0,0,1
2024,8,6,18,0,19,87,0,0,1,2,135,199,0,1,0,0,0,0,1
2024,8,7,17,1,20,83,0,0,1,1,129,182,0,1,0,0,0,0,1
2024,8,8,22,0,21,81,0,0,1,2,137,264,0,0,1,0,0,0,1
2024,8,9,14,0,20,82,0,0,1,2,142,264,0,0,1,0,0,0,1
2024,8,10,22,0,19,85,0,0,1,1,138,248,1,0,0,0,0,0,1
2024,8,11,11,0,19,86,0,0,1,1,134,191,1,0,0,0,0,0,1
2024,8,12,20,0,21,80,0,0,1,1,131,190,0,1,0,0,0,0,1
2024,8,13,17,0,21,81,0,0,1,1,128,150,0,1,0,0,0,0,1
2024,8,14,17,0,23,72,0,0,2,3,124,182,0,1,0,0,0,0,1
2024,8,15,25,0,23,72,0,0,2,2,124,125,0,0,1,0,0,0,1
2024,8,16,24,0,22,73,0,0,1,2,131,174,0,0,1,0,0,0,1
2024,8,17,17,0,22,68,0,0,1,2,138,207,1,0,0,0,0,0,1
2024,8,18,20,0,23,72,0,0,2,3,126,134,1,0,0,0,0,0,1
2024,8,19,18,1,23,72,0,0,2,2,125,150,0,1,0,0,0,0,1
2024,8,20,21,0,23,73,0,0,2,2,122,134,0,1,0,0,0,0,1
2024,8,21,30,0,23,76,0,0,1,2,135,199,0,1,0,0,0,0,1
2024,8,22,17,0,22,80,0,0,1,2,138,200,0,0,1,0,0,0,1
2024,8,23,19,0,22,77,0,0,1,2,135,240,0,0,1,0,0,0,1
2024,8,24,17,0,19,85,0,0,1,1,127,150,1,0,0,0,0,0,1
2024,8,25,17,0,21,82,0,0,1,1,142,223,1,0,0,0,0,0,1
2024,8,26,15,0,21,79,0,0,1,1,126,141,0,1,0,0,0,0,1
2024,8,27,23,0,23,73,0,0,2,3,121,109,0,1,0,0,0,0,1
2024,8,28,23,0,23,75,0,0,2,3,138,191,0,1,0,0,0,0,1
2024,8,29,21,0,20,82,0,0,1,2,131,157,0,0,1,0,0,0,1
2024,8,30,21,0,22,70,0,0,1,2,129,162,0,0,1,0,0,0,1
2024,8,31,37,0,22,76,0,0,1,2,130,158,1,0,0,0,0,0,1
2024,9,1,12,0,20,84,0,0,1,2,139,223,1,0,0,0,0,0,1
2024,9,2,27,0,22,80,0,0,1,1,129,174,0,1,0,0,0,0,1
2024,9,3,25,0,20,83,0,0,1,2,142,200,0,1,0,0,0,0,1
2024,9,4,21,0,22,82,0,0,1,2,152,274,0,1,0,0,0,0,1
2024,9,5,14,0,23,75,0,0,1,2,140,207,0,0,1,0,0,0,1
2024,9,6,29,0,23,73,0,0,1,2,131,182,0,0,1,0,0,0,1
2024,9,8,1,0,23,70,0,0,2,3,120,116,1,0,0,0,0,0,1
2024,9,10,22,0,23,73,0,0,1,2,126,117,0,1,0,0,0,0,1
2024,9,11,26,0,24,72,0,0,2,3,124,125,0,1,0,0,0,0,1
2024,9,12,19,0,23,75,0,0,2,3,126,206,0,0,1,0,0,0,1
2024,9,13,16,0,22,74,0,0,1,2,133,141,0,0,1,0,0,0,1
2024,9,14,24,0,23,79,0,0,1,2,129,174,1,0,0,0,0,0,1
2024,9,15,19,0,24,71,0,0,2,3,135,219,1,0,0,0,0,0,1
2024,9,16,21,0,24,74,0,0,1,2,127,125,0,1,0,0,0,0,1
2024,9,17,20,0,23,73,0,0,1,2,125,157,0,1,0,0,0,0,1
2024,9,18,23,0,24,72,0,0,1,2,124,141,0,1,0,0,0,0,1
2024,9,19,24,0,23,76,0,0,1,2,132,215,0,0,1,0,0,0,1
2024,9,20,23,0,21,83,0,0,1,2,143,216,0,0,1,0,0,0,1
2024,9,21,25,0,21,82,0,0,1,2,130,175,1,0,0,0,0,0,1
2024,9,22,15,0,20,81,0,0,1,1,128,182,1,0,0,0,0,0,1
2024,9,23,15,0,21,80,0,0,1,1,130,192,0,1,0,0,0,0,1
2024,9,24,16,0,23,78,0,0,1,2,148,260,0,1,0,0,0,0,1
2024,9,25,18,0,21,81,0,0,1,2,130,174,0,1,0,0,0,0,1
2024,9,26,25,0,18,86,0,0,1,2,130,175,0,0,1,0,0,0,1
2024,9,27,25,0,18,87,0,0,1,1,133,190,0,0,1,0,0,0,1
2024,9,28,26,0,19,85,0,0,1,1,134,157,1,0,0,0,0,0,1
2024,9,29,11,0,18,89,0,0,1,1,135,199,1,0,0,0,0,0,1
2024,9,30,22,0,19,86,0,0,1,2,124,141,0,1,0,0,0,0,1
2024,1,1,19,1,19,72,827,0,1,1,156,156,0,1,0,0,0,1,0
2024,1,2,12,0,19,76,826,0,1,2,128,130,0,1,0,0,0,1,0
2024,1,3,15,0,17,73,826,0,1,2,155,153,0,1,0,0,0,1,0
2024,1,4,17,0,20,69,827,0,1,2,160,158,0,0,1,0,0,1,0
2024,1,5,16,0,19,71,826,0,1,2,147,147,0,0,1,0,0,1,0
2024,1,6,16,0,19,69,825,0,1,1,158,154,1,0,0,0,0,1,0
2024,1,7,15,0,20,62,825,0,3,4,45,46,1,0,0,0,0,1,0
2024,1,8,18,1,20,69,824,0,1,2,116,115,0,1,0,0,0,1,0
2024,1,9,23,0,19,74,825,0,1,1,155,158,0,1,0,0,0,1,0
2024,1,10,25,0,20,71,826,0,1,2,74,66,0,1,0,0,0,1,0
2024,1,11,25,0,20,73,826,0,1,2,126,130,0,0,1,0,0,1,0
2024,1,12,22,0,18,82,826,0,1,2,187,189,0,0,1,0,0,1,0
2024,1,13,14,0,19,73,826,0,1,2,172,169,1,0,0,0,0,1,0
2024,1,14,17,0,20,66,826,0,2,3,52,51,1,0,0,0,0,1,0
2024,1,15,23,0,19,63,825,0,1,3,55,55,0,1,0,0,0,1,0
2024,1,16,25,0,19,62,824,0,1,2,145,143,0,1,0,0,0,1,0
2024,1,17,26,0,21,65,825,0,1,2,88,82,0,1,0,0,0,1,0
2024,1,18,27,0,20,63,825,0,1,3,57,53,0,0,1,0,0,1,0
2024,1,19,26,0,21,59,825,0,1,2,72,66,0,0,1,0,0,1,0
2024,1,20,24,0,20,65,825,0,1,2,88,86,1,0,0,0,0,1,0
2024,1,21,21,0,20,63,825,0,2,3,50,51,1,0,0,0,0,1,0
2024,1,22,21,0,21,62,825,0,2,3,53,50,0,1,0,0,0,1,0
2024,1,23,18,0,21,52,825,0,1,3,97,91,0,1,0,0,0,1,0
2024,1,24,24,0,21,54,825,0,1,2,87,79,0,1,0,0,0,1,0
2024,1,25,28,0,21,61,825,0,1,2,153,151,0,0,1,0,0,1,0
2024,1,26,35,0,21,68,826,0,1,1,146,146,0,0,1,0,0,1,0
2024,1,27,34,0,19,81,827,0,1,2,134,136,1,0,0,0,0,1,0
2024,1,28,29,0,20,69,826,0,1,2,88,82,1,0,0,0,0,1,0
2024,1,29,32,0,19,77,826,0,1,2,98,107,0,1,0,0,0,1,0
2024,1,30,30,0,20,70,825,0,3,4,45,46,0,1,0,0,0,1,0
2024,1,31,26,0,21,70,826,0,2,3,51,51,0,1,0,0,0,1,0
2024,2,3,13,0,18,76,826,0,1,2,134,133,1,0,0,0,0,1,0
2024,2,4,18,0,18,82,825,0,1,1,144,142,1,0,0,0,0,1,0
2024,2,5,16,0,17,83,825,0,1,1,178,179,0,1,0,0,0,1,0
2024,2,6,13,0,19,75,826,0,1,2,166,163,0,1,0,0,0,1,0
2024,2,7,16,0,20,72,826,0,1,3,54,49,0,1,0,0,0,1,0
2024,2,9,15,0,20,69,826,0,3,5,37,40,0,0,1,0,0,1,0
2024,2,10,14,0,21,62,825,0,2,4,45,45,1,0,0,0,0,1,0
2024,2,11,14,0,21,61,825,0,2,3,45,45,1,0,0,0,0,1,0
2024,2,12,21,0,22,66,825,0,1,2,144,144,0,1,0,0,0,1,0
2024,2,13,25,0,21,63,826,0,1,2,92,96,0,1,0,0,0,1,0
2024,2,14,21,0,20,67,825,0,3,4,43,42,0,1,0,0,0,1,0
2024,2,15,26,0,21,63,825,0,3,4,43,43,0,0,1,0,0,1,0
2024,2,16,19,0,22,56,824,0,1,2,60,58,0,0,1,0,0,1,0
2024,2,17,20,0,20,73,824,0,1,1,166,167,1,0,0,0,0,1,0
2024,2,18,12,0,22,59,826,0,1,2,91,93,1,0,0,0,0,1,0
2024,2,19,20,0,21,61,827,0,1,2,81,76,0,1,0,0,0,1,0
2024,2,20,29,0,21,62,828,0,1,2,104,110,0,1,0,0,0,1,0
2024,2,21,20,0,17,77,827,0,1,1,159,158,0,1,0,0,0,1,0
2024,2,22,16,0,19,73,826,0,1,2,155,156,0,0,1,0,0,1,0
2024,2,23,19,0,20,63,825,0,1,2,73,66,0,0,1,0,0,1,0
2024,2,24,22,0,20,64,826,0,1,2,82,79,1,0,0,0,0,1,0
2024,2,25,25,0,20,63,828,0,2,3,45,44,1,0,0,0,0,1,0
2024,2,26,27,0,17,75,827,0,1,2,80,74,0,1,0,0,0,1,0
2024,2,27,31,0,20,65,826,0,1,2,63,59,0,1,0,0,0,1,0
2024,2,28,40,0,21,65,825,0,2,3,46,45,0,1,0,0,0,1,0
2024,3,3,31,0,18,73,827,0,2,3,115,119,1,0,0,0,0,1,0
2024,3,8,35,0,22,63,825,0,2,3,50,48,0,0,1,0,0,1,0
2024,3,9,29,0,19,77,826,0,1,2,76,76,1,0,0,0,0,1,0
2024,3,10,29,0,21,60,826,0,2,3,49,48,1,0,0,0,0,1,0
2024,3,11,30,0,21,73,826,0,1,2,49,48,0,1,0,0,0,1,0
2024,3,12,29,0,22,59,825,0,2,4,43,44,0,1,0,0,0,1,0
2024,3,13,33,0,20,74,825,0,1,2,90,94,0,1,0,0,0,1,0
2024,3,14,29,0,22,62,824,0,2,3,46,48,0,0,1,0,0,1,0
2024,3,15,30,0,20,65,824,0,1,2,107,112,0,0,1,0,0,1,0
2024,3,16,37,0,22,66,824,0,1,2,84,78,1,0,0,0,0,1,0
2024,3,17,31,0,20,75,824,0,1,1,117,121,1,0,0,0,0,1,0
2024,3,18,27,0,22,61,824,0,1,2,133,132,0,1,0,0,0,1,0
2024,3,19,21,0,18,80,825,0,1,2,137,137,0,1,0,0,0,1,0
2024,3,20,32,0,18,85,826,0,1,1,162,161,0,1,0,0,0,1,0
2024,3,21,25,0,18,84,827,0,1,1,160,158,0,0,1,0,0,1,0
2024,4,2,19,0,18,80,826,0,1,2,145,149,0,1,0,0,0,1,0
2024,4,3,16,0,17,86,826,0,1,1,118,117,0,1,0,0,0,1,0
2024,4,4,23,0,17,86,826,0,1,2,137,148,0,0,1,0,0,1,0
2024,4,5,19,0,20,66,827,0,1,1,139,144,0,0,1,0,0,1,0
2024,4,6,17,0,19,74,826,0,1,1,140,145,1,0,0,0,0,1,0
2024,4,7,17,0,21,61,825,0,1,2,150,165,1,0,0,0,0,1,0
2024,4,8,21,0,21,67,825,0,1,1,205,196,0,1,0,0,0,1,0
2024,4,9,25,0,21,56,825,0,1,2,300,292,0,1,0,0,0,1,0
2024,4,10,29,0,21,61,825,0,1,2,120,125,0,1,0,0,0,1,0
2024,4,11,30,0,21,68,826,0,1,2,117,131,0,0,1,0,0,1,0
2024,4,12,36,0,22,62,826,0,1,2,99,111,0,0,1,0,0,1,0
2024,5,15,9,0,18,84,826,0,1,2,182,184,0,1,0,0,0,1,0
2024,5,16,20,0,18,82,826,0,1,1,294,266,0,0,1,0,0,1,0
2024,5,17,22,0,19,81,826,0,1,2,168,169,0,0,1,0,0,1,0
2024,5,18,17,0,21,71,826,0,1,2,327,319,1,0,0,0,0,1,0
2024,5,19,9,0,19,80,825,0,1,1,122,128,1,0,0,0,0,1,0
2024,5,20,19,0,20,76,824,0,1,1,135,139,0,1,0,0,0,1,0
2024,5,21,13,0,19,84,825,0,1,2,215,196,0,1,0,0,0,1,0
2024,5,22,17,0,18,83,826,0,1,1,126,130,0,1,0,0,0,1,0
2024,5,23,18,0,18,85,827,0,1,1,157,160,0,0,1,0,0,1,0
2024,5,24,11,0,20,76,827,0,1,1,138,140,0,0,1,0,0,1,0
2024,5,25,20,0,19,81,826,0,1,2,327,325,1,0,0,0,0,1,0
2024,5,26,12,0,17,84,826,0,1,1,125,129,1,0,0,0,0,1,0
2024,5,27,11,0,17,86,826,0,1,1,117,117,0,1,0,0,0,1,0
2024,5,28,15,0,19,79,827,0,1,1,181,177,0,1,0,0,0,1,0
2024,5,29,19,0,18,85,827,0,1,1,130,133,0,1,0,0,0,1,0
2024,5,30,9,0,18,86,827,0,1,1,126,130,0,0,1,0,0,1,0
2024,5,31,14,0,20,77,826,0,1,1,154,150,0,0,1,0,0,1,0
2024,6,1,12,0,20,75,824,0,1,2,144,144,1,0,0,0,0,1,0
2024,6,2,11,0,19,78,825,0,1,2,221,208,1,0,0,0,0,1,0
2024,6,3,11,1,18,83,826,0,1,2,168,168,0,1,0,0,0,1,0
2024,6,4,14,0,18,86,826,0,1,1,138,141,0,1,0,0,0,1,0
2024,6,5,18,0,19,81,826,0,1,1,134,136,0,1,0,0,0,1,0
2024,6,6,16,0,18,83,826,0,1,1,134,138,0,0,1,0,0,1,0
2024,6,7,16,0,21,70,827,0,1,2,138,140,0,0,1,0,0,1,0
2024,6,8,15,0,19,80,827,0,1,2,183,179,1,0,0,0,0,1,0
2024,6,9,10,0,17,86,828,0,1,2,159,164,1,0,0,0,0,1,0
2024,6,10,15,1,18,84,826,0,1,2,133,138,0,1,0,0,0,1,0
2024,6,11,15,0,18,84,826,0,1,1,167,170,0,1,0,0,0,1,0
2024,6,12,14,0,18,78,826,0,1,1,143,144,0,1,0,0,0,1,0
2024,6,13,18,0,18,82,826,0,1,2,151,154,0,0,1,0,0,1,0
2024,6,14,12,0,18,83,826,0,1,1,120,119,0,0,1,0,0,1,0
2024,6,15,7,0,18,79,827,0,1,2,132,138,1,0,0,0,0,1,0
2024,6,17,13,0,18,78,826,0,1,2,161,162,0,1,0,0,0,1,0
2024,6,18,10,0,17,83,825,0,1,2,134,137,0,1,0,0,0,1,0
2024,6,19,12,0,16,85,825,0,1,1,113,111,0,1,0,0,0,1,0
2024,6,20,13,0,18,84,825,0,1,1,139,141,0,0,1,0,0,1,0
2024,6,21,14,0,19,79,826,0,1,1,133,135,0,0,1,0,0,1,0
2024,6,22,14,0,18,83,826,0,1,1,150,156,1,0,0,0,0,1,0
2024,6,23,7,0,17,85,826,0,1,1,147,151,1,0,0,0,0,1,0
2024,6,24,13,0,18,82,826,0,1,1,122,124,0,1,0,0,0,1,0
2024,6,25,12,0,18,79,826,0,2,3,305,279,0,1,0,0,0,1,0
2024,6,26,10,0,17,83,827,0,1,2,202,204,0,1,0,0,0,1,0
2024,6,27,14,0,18,84,827,0,1,1,162,165,0,0,1,0,0,1,0
2024,6,28,12,0,17,84,827,0,1,1,145,148,0,0,1,0,0,1,0
2024,6,29,15,0,17,85,827,0,1,1,135,139,1,0,0,0,0,1,0
2024,6,30,13,0,17,81,826,0,2,3,304,268,1,0,0,0,0,1,0
2024,7,1,10,1,18,78,825,0,1,2,127,132,0,1,0,0,0,1,0
2024,7,2,16,0,19,80,826,0,1,1,168,170,0,1,0,0,0,1,0
2024,7,3,16,0,18,81,826,0,1,2,138,143,0,1,0,0,0,1,0
2024,7,4,13,0,18,81,825,0,1,2,227,218,0,0,1,0,0,1,0
2024,7,5,6,0,17,82,826,0,1,1,138,143,0,0,1,0,0,1,0
2024,7,6,11,0,18,76,827,0,1,1,137,141,1,0,0,0,0,1,0
2024,7,7,13,0,19,79,826,0,1,2,153,156,1,0,0,0,0,1,0
2024,7,8,12,0,20,62,826,0,1,2,136,139,0,1,0,0,0,1,0
2024,7,9,14,0,19,67,825,0,1,2,155,155,0,1,0,0,0,1,0
2024,7,10,15,0,19,69,825,0,1,2,125,131,0,1,0,0,0,1,0
2024,7,11,21,0,19,70,825,0,1,1,133,137,0,0,1,0,0,1,0
2024,7,12,18,0,17,81,827,0,1,2,172,158,0,0,1,0,0,1,0
2024,7,13,14,0,18,70,827,0,1,1,142,151,1,0,0,0,0,1,0
2024,7,14,12,0,21,59,826,0,1,2,251,229,1,0,0,0,0,1,0
2024,7,15,15,0,21,67,826,0,1,1,128,135,0,1,0,0,0,1,0
2024,7,16,14,0,19,69,825,0,1,1,129,130,0,1,0,0,0,1,0
2024,7,17,14,0,17,78,826,0,1,1,125,131,0,1,0,0,0,1,0
2024,7,18,18,0,20,68,827,0,1,2,186,186,0,0,1,0,0,1,0
2024,7,19,14,0,20,71,827,0,1,2,141,151,0,0,1,0,0,1,0
2024,7,20,12,1,20,59,827,0,1,2,118,119,1,0,0,0,0,1,0
2024,7,21,13,0,21,63,826,0,1,2,243,238,1,0,0,0,0,1,0
2024,7,22,12,0,21,63,825,0,1,2,179,172,0,1,0,0,0,1,0
2024,7,23,14,0,18,79,826,0,1,1,117,117,0,1,0,0,0,1,0
2024,7,24,17,0,21,58,828,0,1,2,119,124,0,1,0,0,0,1,0
2024,7,25,19,0,20,71,827,0,1,2,172,170,0,0,1,0,0,1,0
2024,7,26,24,0,19,76,826,0,1,1,124,131,0,0,1,0,0,1,0
2024,7,27,13,0,20,73,826,0,2,3,326,298,1,0,0,0,0,1,0
2024,7,28,13,0,20,72,826,0,1,2,198,181,1,0,0,0,0,1,0
2024,7,29,16,0,21,58,826,0,2,3,335,313,0,1,0,0,0,1,0
2024,7,30,15,0,19,67,825,0,1,2,148,151,0,1,0,0,0,1,0
2024,8,1,19,0,18,68,827,0,1,1,139,147,0,0,1,0,0,1,0
2024,8,2,21,0,21,57,827,0,1,3,204,197,0,0,1,0,0,1,0
2024,8,3,13,0,19,69,827,0,1,2,239,230,1,0,0,0,0,1,0
2024,8,4,16,0,19,73,826,0,1,2,167,172,1,0,0,0,0,1,0
2024,8,5,13,0,17,84,827,0,1,1,127,133,0,1,0,0,0,1,0
2024,8,6,11,0,19,71,826,0,1,2,207,205,0,1,0,0,0,1,0
2024,8,7,10,1,17,84,826,0,1,1,115,111,0,1,0,0,0,1,0
2024,8,8,21,0,19,73,825,0,1,1,143,146,0,0,1,0,0,1,0
2024,8,9,17,0,17,81,826,0,1,2,167,164,0,0,1,0,0,1,0
2024,8,10,15,0,17,83,827,0,1,1,133,139,1,0,0,0,0,1,0
2024,8,11,8,0,17,83,827,0,1,1,134,136,1,0,0,0,0,1,0
2024,8,12,16,0,18,80,826,0,1,2,181,176,0,1,0,0,0,1,0
2024,8,13,13,0,17,84,827,0,1,1,122,124,0,1,0,0,0,1,0
2024,8,14,19,0,19,68,826,0,1,2,157,163,0,1,0,0,0,1,0
2024,8,15,24,0,18,67,826,0,1,1,125,130,0,0,1,0,0,1,0
2024,8,16,22,0,18,70,826,0,1,2,159,160,0,0,1,0,0,1,0
2024,8,17,15,0,18,70,827,0,2,3,246,242,1,0,0,0,0,1,0
2024,8,18,15,0,20,61,826,0,1,2,124,132,1,0,0,0,0,1,0
2024,8,19,14,1,19,69,826,0,1,1,143,149,0,1,0,0,0,1,0
2024,8,20,23,0,19,66,826,0,1,2,204,208,0,1,0,0,0,1,0
2024,8,21,21,0,18,79,826,0,1,1,123,128,0,1,0,0,0,1,0
2024,8,22,13,0,19,80,825,0,1,2,153,160,0,0,1,0,0,1,0
2024,8,23,12,0,18,75,826,0,1,1,149,148,0,0,1,0,0,1,0
2024,8,24,12,0,17,84,827,0,1,2,222,211,1,0,0,0,0,1,0
2024,8,25,11,0,18,81,827,0,1,1,131,133,1,0,0,0,0,1,0
2024,8,26,10,0,17,80,828,0,1,1,123,124,0,1,0,0,0,1,0
2024,8,27,19,0,21,63,828,0,1,2,110,111,0,1,0,0,0,1,0
2024,8,28,18,0,21,59,826,0,2,4,338,333,0,1,0,0,0,1,0
2024,8,29,16,0,17,82,826,0,1,2,214,162,0,0,1,0,0,1,0
2024,8,30,21,0,18,73,827,0,1,1,129,130,0,0,1,0,0,1,0
2024,8,31,27,0,18,73,827,0,1,1,133,133,1,0,0,0,0,1,0
2024,9,1,13,0,16,84,827,0,1,2,203,202,1,0,0,0,0,1,0
2024,9,2,21,0,17,83,826,0,1,2,125,129,0,1,0,0,0,1,0
2024,9,3,22,0,18,81,825,0,1,2,222,225,0,1,0,0,0,1,0
2024,9,4,21,0,20,78,825,0,1,2,162,165,0,1,0,0,0,1,0
2024,9,5,14,0,19,77,825,0,1,2,233,231,0,0,1,0,0,1,0
2024,9,6,22,0,21,66,824,0,1,2,140,149,0,0,1,0,0,1,0
2024,9,7,16,0,18,76,824,0,1,2,130,135,1,0,0,0,0,1,0
2024,9,8,21,0,19,73,824,0,1,1,126,130,1,0,0,0,0,1,0
2024,9,9,23,0,19,67,825,0,1,2,123,127,0,1,0,0,0,1,0
2024,9,10,25,0,19,72,825,0,1,2,179,172,0,1,0,0,0,1,0
2024,9,11,26,0,19,68,825,0,1,1,130,136,0,1,0,0,0,1,0
2024,9,12,23,0,20,69,825,0,1,2,147,153,0,0,1,0,0,1,0
2024,9,13,14,0,18,73,826,0,1,2,248,238,0,0,1,0,0,1,0
2024,9,14,21,0,20,75,825,0,1,2,135,144,1,0,0,0,0,1,0
2024,9,15,19,0,22,62,825,0,2,3,284,297,1,0,0,0,0,1,0
2024,9,16,17,0,21,66,825,0,1,2,144,152,0,1,0,0,0,1,0
2024,9,17,13,0,19,71,825,0,1,2,240,241,0,1,0,0,0,1,0
2024,9,18,22,0,22,57,824,0,2,3,209,213,0,1,0,0,0,1,0
2024,9,19,25,0,19,75,824,0,1,2,145,150,0,0,1,0,0,1,0
2024,9,20,23,0,17,82,824,0,1,1,123,127,0,0,1,0,0,1,0
2024,9,21,21,0,17,84,825,0,1,1,117,119,1,0,0,0,0,1,0
2024,9,22,11,0,16,83,825,0,1,1,144,145,1,0,0,0,0,1,0
2024,9,23,16,0,18,76,826,0,1,1,303,278,0,1,0,0,0,1,0
2024,9,24,16,0,19,75,826,0,1,1,138,141,0,1,0,0,0,1,0
2024,9,25,13,0,18,76,826,0,1,2,248,233,0,1,0,0,0,1,0
2024,9,26,13,0,16,83,826,0,1,2,216,186,0,0,1,0,0,1,0
2024,9,27,15,0,16,81,826,0,1,1,138,139,0,0,1,0,0,1,0
2024,9,28,13,0,16,81,826,0,1,1,161,162,1,0,0,0,0,1,0
2024,9,29,5,0,17,85,827,0,1,1,215,201,1,0,0,0,0,1,0
2024,9,30,21,0,16,85,826,0,1,1,137,137,0,1,0,0,0,1,0
2024,1,1,35,1,21,74,853,0,1,2,304,270,0,1,0,1,0,0,0
2024,1,3,12,0,22,67,852,0,1,2,42,49,0,1,0,1,0,0,0
2024,1,4,15,0,21,69,852,0,1,2,173,98,0,0,1,1,0,0,0
2024,1,5,17,0,21,70,852,0,1,2,42,47,0,0,1,1,0,0,0
2024,1,6,16,0,21,68,851,0,1,2,194,165,1,0,0,1,0,0,0
2024,1,7,16,0,22,69,851,0,2,4,38,45,1,0,0,1,0,0,0
2024,1,8,16,1,22,69,850,0,1,3,44,52,0,1,0,1,0,0,0
2024,1,9,20,0,23,71,851,0,1,3,45,48,0,1,0,1,0,0,0
2024,1,10,24,0,22,77,852,0,2,3,45,46,0,1,0,1,0,0,0
2024,1,11,23,0,22,75,852,0,1,2,147,97,0,0,1,1,0,0,0
2024,1,12,23,0,22,67,851,0,1,2,185,183,0,0,1,1,0,0,0
2024,1,13,23,0,22,69,852,0,1,2,202,182,1,0,0,1,0,0,0
2024,1,14,17,0,21,70,852,0,1,3,56,54,1,0,0,1,0,0,0
2024,1,15,19,0,23,63,851,0,1,3,41,52,0,1,0,1,0,0,0
2024,1,16,26,0,23,63,850,0,1,2,121,115,0,1,0,1,0,0,0
2024,1,18,24,0,24,64,851,0,1,3,66,72,0,0,1,1,0,0,0
2024,1,19,22,0,23,61,851,0,1,3,72,68,0,0,1,1,0,0,0
2024,1,20,20,0,23,62,851,0,1,3,43,55,1,0,0,1,0,0,0
2024,1,21,20,0,23,65,851,0,1,3,109,97,1,0,0,1,0,0,0
2024,1,22,17,0,23,62,851,0,2,4,33,40,0,1,0,1,0,0,0
2024,1,23,18,0,23,52,851,0,1,2,108,103,0,1,0,1,0,0,0
2024,1,24,20,0,23,55,851,0,1,3,49,56,0,1,0,1,0,0,0
2024,1,25,25,0,23,61,851,0,1,3,59,59,0,0,1,1,0,0,0
2024,1,27,35,0,23,64,852,0,1,2,167,156,1,0,0,1,0,0,0
2024,1,28,31,0,23,66,852,0,1,3,42,42,1,0,0,1,0,0,0
2024,1,30,22,0,22,74,851,0,2,4,48,48,0,1,0,1,0,0,0
2024,1,31,23,0,22,76,852,0,2,4,64,51,0,1,0,1,0,0,0
2024,2,1,27,0,20,82,852,0,1,2,70,66,0,0,1,1,0,0,0
2024,2,2,24,0,21,80,852,0,1,2,313,298,0,0,1,1,0,0,0
2024,2,3,17,0,20,77,852,0,1,2,242,239,1,0,0,1,0,0,0
2024,2,4,18,0,21,80,851,0,0,1,210,208,1,0,0,1,0,0,0
2024,2,5,17,0,21,78,851,0,0,1,198,198,0,1,0,1,0,0,0
2024,2,6,18,0,21,77,852,0,1,1,223,209,0,1,0,1,0,0,0
2024,2,8,9,0,20,82,852,0,2,4,30,45,0,0,1,1,0,0,0
2024,2,9,11,0,21,77,852,0,2,4,29,39,0,0,1,1,0,0,0
2024,2,10,12,0,23,68,851,0,1,3,89,85,1,0,0,1,0,0,0
2024,2,11,14,0,23,63,851,0,1,3,40,49,1,0,0,1,0,0,0
2024,2,12,17,0,24,68,851,0,1,2,211,161,0,1,0,1,0,0,0
2024,2,13,25,0,23,70,852,0,1,3,39,49,0,1,0,1,0,0,0
2024,2,14,21,0,23,67,851,0,2,3,76,73,0,1,0,1,0,0,0
2024,2,15,21,0,24,59,851,0,2,4,44,55,0,0,1,1,0,0,0
2024,2,16,17,0,24,60,850,0,1,3,55,65,0,0,1,1,0,0,0
2024,2,17,15,0,24,60,850,0,1,3,91,87,1,0,0,1,0,0,0
2024,2,18,15,0,24,62,852,0,1,2,38,52,1,0,0,1,0,0,0
2024,2,19,20,0,23,62,853,0,1,3,33,42,0,1,0,1,0,0,0
2024,2,21,24,0,21,71,853,0,1,2,315,264,0,1,0,1,0,0,0
2024,2,22,16,0,21,70,852,0,1,3,229,203,0,0,1,1,0,0,0
2024,2,23,17,0,22,65,851,0,2,3,57,54,0,0,1,1,0,0,0
2024,2,24,19,0,22,63,852,0,1,2,65,72,1,0,0,1,0,0,0
2024,2,26,23,0,20,69,853,0,1,1,214,191,0,1,0,1,0,0,0
2024,2,27,29,0,22,67,852,0,1,2,46,51,0,1,0,1,0,0,0
2024,2,28,37,0,22,64,851,0,1,3,38,45,0,1,0,1,0,0,0
2024,2,29,37,0,23,64,851,0,1,3,54,63,0,0,1,1,0,0,0
2024,3,2,35,0,22,63,853,0,1,2,189,174,1,0,0,1,0,0,0
2024,3,3,30,0,22,71,852,0,1,2,196,193,1,0,0,1,0,0,0
2024,3,4,37,0,22,65,852,0,1,2,50,55,0,1,0,1,0,0,0
2024,3,8,35,0,24,61,851,0,1,3,51,55,0,0,1,1,0,0,0
2024,3,9,30,0,22,78,852,0,1,2,285,280,1,0,0,1,0,0,0
2024,3,10,26,0,25,60,851,0,1,2,83,85,1,0,0,1,0,0,0
2024,3,11,33,0,23,74,851,0,1,3,99,78,0,1,0,1,0,0,0
2024,3,12,27,0,24,64,851,0,1,3,56,62,0,1,0,1,0,0,0
2024,3,13,32,0,24,71,850,0,1,3,72,75,0,1,0,1,0,0,0
2024,3,14,23,0,24,63,850,0,1,3,76,74,0,0,1,1,0,0,0
2024,3,15,37,0,25,66,850,0,1,3,90,91,0,0,1,1,0,0,0
2024,3,16,38,0,24,70,850,0,1,3,101,94,1,0,0,1,0,0,0
2024,3,17,29,0,23,70,849,0,2,3,37,45,1,0,0,1,0,0,0
2024,3,18,31,0,25,57,850,0,1,3,82,80,0,1,0,1,0,0,0
2024,3,19,24,0,23,70,851,0,1,2,213,201,0,1,0,1,0,0,0
2024,3,20,28,0,22,72,852,0,1,2,145,109,0,1,0,1,0,0,0
2024,3,21,28,0,22,70,852,0,1,3,318,284,0,0,1,1,0,0,0
2024,3,22,32,0,24,68,851,0,1,2,178,124,0,0,1,1,0,0,0
2024,3,24,33,0,23,69,851,0,1,2,62,61,1,0,0,1,0,0,0
2024,3,25,27,1,23,66,851,0,1,2,101,78,0,1,0,1,0,0,0
2024,3,26,30,0,23,64,852,0,1,2,174,145,0,1,0,1,0,0,0
2024,3,27,40,0,22,70,852,0,1,3,320,263,0,1,0,1,0,0,0
2024,3,28,33,1,22,70,853,0,1,3,124,103,0,0,1,1,0,0,0
2024,3,29,27,1,22,68,853,0,1,3,119,98,0,0,1,1,0,0,0
2024,4,2,29,0,20,81,852,0,0,1,204,199,0,1,0,1,0,0,0
2024,4,3,23,0,20,87,852,0,0,1,191,192,0,1,0,1,0,0,0
2024,4,5,15,0,22,73,853,0,1,1,156,158,0,0,1,1,0,0,0
2024,4,6,21,0,22,71,852,0,1,2,63,68,1,0,0,1,0,0,0
2024,4,7,14,0,24,60,850,0,1,3,60,63,1,0,0,1,0,0,0
2024,4,8,16,0,22,70,851,0,1,2,35,42,0,1,0,1,0,0,0
2024,4,11,31,0,23,64,852,0,1,2,91,79,0,0,1,1,0,0,0
2024,4,12,32,0,24,62,852,0,1,3,321,302,0,0,1,1,0,0,0
2024,4,13,40,0,22,76,852,0,1,2,345,306,1,0,0,1,0,0,0
2024,4,17,31,0,22,71,851,0,1,3,32,49,0,1,0,1,0,0,0
2024,4,18,23,0,20,79,852,0,1,1,181,174,0,0,1,1,0,0,0
2024,4,19,28,0,20,77,853,0,0,1,207,205,0,0,1,1,0,0,0
2024,4,20,20,0,20,75,853,0,0,1,197,195,1,0,0,1,0,0,0
2024,4,21,14,0,21,79,852,0,0,1,220,213,1,0,0,1,0,0,0
2024,4,22,23,0,19,89,852,0,0,0,252,246,0,1,0,1,0,0,0
2024,4,23,26,0,21,81,852,0,0,1,222,216,0,1,0,1,0,0,0
2024,4,24,15,0,23,75,852,0,1,2,275,266,0,1,0,1,0,0,0
2024,4,25,14,0,22,66,851,0,1,1,191,190,0,0,1,1,0,0,0
2024,4,26,15,0,20,87,851,0,0,1,204,205,0,0,1,1,0,0,0
2024,4,27,24,0,19,87,851,0,0,1,219,209,1,0,0,1,0,0,0
2024,4,28,18,0,21,81,852,0,0,1,225,222,1,0,0,1,0,0,0
2024,4,29,13,0,21,78,852,0,1,2,262,215,0,1,0,1,0,0,0
2024,4,30,15,0,21,80,851,0,1,2,48,57,0,1,0,1,0,0,0
2024,5,1,15,1,22,77,850,0,1,1,194,187,0,1,0,1,0,0,0
2024,5,2,20,0,20,88,850,0,0,1,224,226,0,0,1,1,0,0,0
2024,5,3,19,0,21,82,850,0,0,1,180,176,0,0,1,1,0,0,0
2024,5,4,18,0,20,88,851,0,0,1,223,220,1,0,0,1,0,0,0
2024,5,5,8,0,22,73,852,0,1,2,142,164,1,0,0,1,0,0,0
2024,5,6,10,0,23,76,851,0,1,2,44,56,0,1,0,1,0,0,0
2024,5,7,12,0,22,79,850,0,1,1,190,193,0,1,0,1,0,0,0
2024,5,8,15,0,21,80,851,0,0,1,198,196,0,1,0,1,0,0,0
2024,5,9,17,0,20,91,852,0,0,1,252,225,0,0,1,1,0,0,0
2024,5,10,23,0,20,83,852,0,0,1,270,267,0,0,1,1,0,0,0
2024,5,11,17,0,21,82,852,0,0,1,218,203,1,0,0,1,0,0,0
2024,5,12,24,0,21,87,852,0,0,1,250,254,1,0,0,1,0,0,0
2024,5,13,17,1,23,74,851,0,0,1,224,223,0,1,0,1,0,0,0
2024,5,14,18,0,21,84,850,0,0,1,198,194,0,1,0,1,0,0,0
2024,5,15,15,0,21,85,852,0,0,1,237,233,0,1,0,1,0,0,0
2024,5,16,18,0,20,87,852,0,0,1,205,199,0,0,1,1,0,0,0
2024,5,17,16,0,22,81,852,0,1,1,110,100,0,0,1,1,0,0,0
2024,5,18,14,0,23,71,852,0,1,3,40,49,1,0,0,1,0,0,0
2024,5,19,10,0,24,66,851,0,1,2,101,94,1,0,0,1,0,0,0
2024,5,20,15,0,22,76,850,0,0,1,195,194,0,1,0,1,0,0,0
2024,5,21,13,0,20,88,851,0,0,1,252,242,0,1,0,1,0,0,0
2024,5,22,23,0,22,75,852,0,0,1,212,212,0,1,0,1,0,0,0
2024,5,23,15,0,20,83,853,0,1,1,183,177,0,0,1,1,0,0,0
2024,5,24,16,0,22,82,853,0,1,1,245,219,0,0,1,1,0,0,0
2024,5,25,20,0,20,85,852,0,1,2,97,144,1,0,0,1,0,0,0
2024,5,26,13,0,23,67,852,0,0,1,200,199,1,0,0,1,0,0,0
2024,5,27,14,0,21,82,852,0,0,1,227,225,0,1,0,1,0,0,0
2024,5,28,14,0,22,78,853,0,1,2,274,256,0,1,0,1,0,0,0
2024,5,29,13,0,21,85,853,0,1,2,57,54,0,1,0,1,0,0,0
2024,5,31,14,0,22,78,852,0,0,1,239,237,0,0,1,1,0,0,0
2024,6,1,12,0,24,68,850,0,1,3,112,111,1,0,0,1,0,0,0
2024,6,2,10,0,21,80,851,0,1,2,158,164,1,0,0,1,0,0,0
2024,6,3,9,1,22,75,852,0,0,1,208,204,0,1,0,1,0,0,0
2024,6,4,16,0,21,88,852,0,0,1,233,223,0,1,0,1,0,0,0
2024,6,5,14,0,22,80,852,0,1,2,66,65,0,1,0,1,0,0,0
2024,6,6,14,0,21,82,852,0,1,2,326,313,0,0,1,1,0,0,0
2024,6,7,14,0,22,75,853,0,1,3,50,51,0,0,1,1,0,0,0
2024,6,8,10,0,23,70,853,0,1,2,194,184,1,0,0,1,0,0,0
2024,6,9,11,0,20,84,854,0,0,1,231,226,1,0,0,1,0,0,0
2024,6,10,15,1,21,81,852,0,0,1,244,243,0,1,0,1,0,0,0
2024,6,11,13,0,21,83,852,0,1,2,60,57,0,1,0,1,0,0,0
2024,6,12,12,0,23,75,852,0,1,3,57,61,0,1,0,1,0,0,0
2024,6,13,17,0,21,81,852,0,1,2,203,196,0,0,1,1,0,0,0
2024,6,14,25,0,20,85,852,0,0,1,218,209,0,0,1,1,0,0,0
2024,6,15,14,0,20,83,853,0,0,1,207,200,1,0,0,1,0,0,0
2024,6,16,9,0,20,83,853,0,1,2,277,263,1,0,0,1,0,0,0
2024,6,17,12,0,22,77,852,0,1,2,85,86,0,1,0,1,0,0,0
2024,6,18,16,0,20,81,851,0,0,1,202,194,0,1,0,1,0,0,0
2024,6,19,21,0,20,83,851,0,0,1,262,259,0,1,0,1,0,0,0
2024,6,20,15,0,21,78,851,0,1,2,313,288,0,0,1,1,0,0,0
2024,6,21,12,0,21,80,852,0,1,2,35,52,0,0,1,1,0,0,0
2024,6,22,14,0,21,76,852,0,1,1,223,215,1,0,0,1,0,0,0
2024,6,23,9,0,20,85,852,0,0,1,276,273,1,0,0,1,0,0,0
2024,6,24,10,0,22,78,852,0,1,2,322,299,0,1,0,1,0,0,0
2024,6,25,17,0,19,85,852,0,0,1,218,227,0,1,0,1,0,0,0
2024,6,26,13,0,20,83,853,0,0,1,210,209,0,1,0,1,0,0,0
2024,6,27,16,0,19,90,853,0,0,1,209,209,0,0,1,1,0,0,0
2024,6,28,14,0,20,86,853,0,0,1,275,274,0,0,1,1,0,0,0
2024,6,29,11,0,20,81,853,0,0,1,217,212,1,0,0,1,0,0,0
2024,7,1,12,1,20,78,851,0,0,1,160,164,0,1,0,1,0,0,0
2024,7,2,17,0,21,84,852,0,0,1,169,173,0,1,0,1,0,0,0
2024,7,3,16,0,20,84,851,0,0,1,218,207,0,1,0,1,0,0,0
2024,7,4,10,0,21,74,850,0,1,2,176,175,0,0,1,1,0,0,0
2024,7,5,16,0,20,86,852,0,0,1,221,223,0,0,1,1,0,0,0
2024,7,6,14,0,22,72,853,0,1,2,181,173,1,0,0,1,0,0,0
2024,7,7,11,0,23,64,852,0,1,2,112,113,1,0,0,1,0,0,0
2024,7,8,10,0,23,67,852,0,1,2,85,90,0,1,0,1,0,0,0
2024,7,9,11,0,23,63,851,0,1,3,98,88,0,1,0,1,0,0,0
2024,7,10,13,0,23,74,850,0,1,3,65,74,0,1,0,1,0,0,0
2024,7,11,17,0,22,75,851,0,1,2,77,82,0,0,1,1,0,0,0
2024,7,12,19,0,20,82,853,0,0,1,232,226,0,0,1,1,0,0,0
2024,7,13,16,0,22,65,853,0,1,2,83,86,1,0,0,1,0,0,0
2024,7,14,9,0,24,59,852,0,1,2,70,70,1,0,0,1,0,0,0
2024,7,15,8,0,23,65,851,0,1,2,48,61,0,1,0,1,0,0,0
2024,7,16,12,0,23,61,851,0,1,3,83,86,0,1,0,1,0,0,0
2024,7,17,11,0,23,61,852,0,1,2,103,99,0,1,0,1,0,0,0
2024,7,18,12,0,22,65,853,0,1,3,91,91,0,0,1,1,0,0,0
2024,7,19,13,0,21,73,853,0,1,3,44,56,0,0,1,1,0,0,0
2024,7,20,12,1,22,67,853,0,1,2,99,97,1,0,0,1,0,0,0
2024,7,21,10,0,23,68,852,0,1,3,71,77,1,0,0,1,0,0,0
2024,7,22,8,0,24,60,851,0,1,2,101,94,0,1,0,1,0,0,0
2024,7,23,12,0,23,61,852,0,1,2,92,100,0,1,0,1,0,0,0
2024,7,24,15,0,23,65,854,0,1,2,78,77,0,1,0,1,0,0,0
2024,7,25,16,0,22,71,853,0,1,3,200,147,0,0,1,1,0,0,0
2024,7,26,17,0,23,73,852,0,1,2,58,63,0,0,1,1,0,0,0
2024,7,27,11,0,22,79,852,0,1,3,71,80,1,0,0,1,0,0,0
2024,7,28,13,0,22,75,852,0,1,3,74,73,1,0,0,1,0,0,0
2024,7,29,12,0,24,56,852,0,1,3,61,70,0,1,0,1,0,0,0
2024,7,30,14,0,23,54,851,0,1,2,95,90,0,1,0,1,0,0,0
2024,7,31,16,0,23,52,852,0,1,3,73,75,0,1,0,1,0,0,0
2024,8,2,14,0,23,61,853,0,1,3,52,63,0,0,1,1,0,0,0
2024,8,3,14,0,22,71,853,0,1,3,268,217,1,0,0,1,0,0,0
2024,8,4,13,0,22,73,852,0,1,3,38,51,1,0,0,1,0,0,0
2024,8,5,16,0,20,88,853,0,0,1,217,214,0,1,0,1,0,0,0
2024,8,6,33,0,19,84,853,0,0,1,194,194,0,1,0,1,0,0,0
2024,8,7,12,1,20,78,852,0,1,1,203,206,0,1,0,1,0,0,0
2024,8,8,18,0,21,77,851,0,1,2,63,95,0,0,1,1,0,0,0
2024,8,9,15,0,20,81,852,0,1,2,46,56,0,0,1,1,0,0,0
2024,8,10,13,0,20,82,853,0,1,1,272,261,1,0,0,1,0,0,0
2024,8,11,10,0,20,83,853,0,0,1,237,239,1,0,0,1,0,0,0
2024,8,12,11,0,22,75,852,0,1,2,58,68,0,1,0,1,0,0,0
2024,8,13,11,0,22,69,853,0,1,2,221,229,0,1,0,1,0,0,0
2024,8,14,14,0,23,65,852,0,1,3,88,90,0,1,0,1,0,0,0
2024,8,15,21,0,23,63,852,0,1,3,84,84,0,0,1,1,0,0,0
2024,8,16,17,0,22,63,852,0,1,2,90,85,0,0,1,1,0,0,0
2024,8,17,12,0,22,54,853,0,1,3,90,87,1,0,0,1,0,0,0
2024,8,18,14,0,23,62,852,0,1,2,66,65,1,0,0,1,0,0,0
2024,8,19,15,1,23,62,852,0,1,3,62,65,0,1,0,1,0,0,0
2024,8,20,18,0,23,62,852,0,1,3,71,71,0,1,0,1,0,0,0
2024,8,21,20,0,23,66,852,0,1,3,40,51,0,1,0,1,0,0,0
2024,8,22,16,0,22,71,851,0,1,2,246,228,0,0,1,1,0,0,0
2024,8,23,13,0,22,73,852,0,1,3,209,195,0,0,1,1,0,0,0
2024,8,24,13,0,21,76,853,0,0,1,240,235,1,0,0,1,0,0,0
2024,8,25,11,0,21,79,853,0,1,1,276,257,1,0,0,1,0,0,0
2024,8,26,17,0,21,76,853,0,1,1,220,201,0,1,0,1,0,0,0
2024,8,28,19,0,24,64,852,0,2,3,56,67,0,1,0,1,0,0,0
2024,8,29,15,0,22,69,852,0,1,2,212,213,0,0,1,1,0,0,0
2024,8,31,26,0,22,67,853,0,1,2,225,212,1,0,0,1,0,0,0
2024,9,1,12,0,20,81,853,0,1,1,212,205,1,0,0,1,0,0,0
2024,9,2,22,0,22,74,852,0,1,2,193,191,0,1,0,1,0,0,0
2024,9,3,22,0,21,71,851,0,1,2,189,192,0,1,0,1,0,0,0
2024,9,4,19,0,22,75,851,0,1,3,67,68,0,1,0,1,0,0,0
2024,9,5,15,0,23,74,852,0,1,2,118,125,0,0,1,1,0,0,0
2024,9,6,22,0,23,64,850,0,1,3,110,102,0,0,1,1,0,0,0
2024,9,7,19,0,22,70,850,0,1,3,81,83,1,0,0,1,0,0,0
2024,9,8,20,0,23,57,850,0,1,2,113,104,1,0,0,1,0,0,0
2024,9,10,21,0,22,64,851,0,1,2,62,66,0,1,0,1,0,0,0
2024,9,11,21,0,23,65,850,0,1,3,55,62,0,1,0,1,0,0,0
2024,9,12,22,0,23,73,850,0,1,3,63,68,0,0,1,1,0,0,0
2024,9,13,15,0,22,69,852,0,1,3,68,80,0,0,1,1,0,0,0
2024,9,14,21,0,23,70,851,0,1,2,147,151,1,0,0,1,0,0,0
2024,9,15,15,0,24,62,851,0,2,3,42,54,1,0,0,1,0,0,0
2024,9,16,17,0,24,61,850,0,1,2,176,180,0,1,0,1,0,0,0
2024,9,17,12,0,23,64,851,0,1,2,130,152,0,1,0,1,0,0,0
2024,9,18,19,0,24,61,850,0,1,3,52,61,0,1,0,1,0,0,0
2024,9,19,21,0,23,68,849,0,2,3,32,44,0,0,1,1,0,0,0
2024,9,20,21,0,22,68,849,0,1,2,212,209,0,0,1,1,0,0,0
2024,9,21,19,0,23,62,851,0,1,1,212,210,1,0,0,1,0,0,0
2024,9,22,14,0,20,80,851,0,1,1,228,226,1,0,0,1,0,0,0
2024,9,23,14,0,21,78,852,0,1,2,46,73,0,1,0,1,0,0,0
2024,9,24,15,0,23,68,851,0,1,2,49,62,0,1,0,1,0,0,0
2024,9,25,16,0,22,70,851,0,1,2,199,194,0,1,0,1,0,0,0
2024,9,26,11,0,19,80,852,0,0,1,247,238,0,0,1,1,0,0,0
2024,9,27,27,0,19,79,852,0,0,1,273,270,0,0,1,1,0,0,0
2024,9,28,26,0,19,81,852,0,0,1,198,194,1,0,0,1,0,0,0
2024,9,29,15,0,18,87,853,0,0,1,266,256,1,0,0,1,0,0,0
2024,9,30,19,0,19,81,852,0,0,1,258,246,0,1,0,1,0,0,0
2024,1,24,27,0,27,51,847,0,1,2,64,68,0,1,0,0,1,0,0
2024,1,25,35,0,25,59,848,0,0,1,158,190,0,0,1,0,1,0,0
2024,1,27,36,0,23,70,849,0,0,1,180,195,1,0,0,0,1,0,0
2024,1,29,27,0,24,69,849,0,1,2,137,184,0,1,0,0,1,0,0
2024,1,30,21,0,23,71,850,0,1,2,92,189,0,1,0,0,1,0,0
2024,1,31,17,0,24,72,851,0,1,2,60,85,0,1,0,0,1,0,0
2024,2,1,24,0,22,78,851,0,0,1,126,182,0,0,1,0,1,0,0
2024,2,2,26,0,23,75,851,0,0,1,134,194,0,0,1,0,1,0,0
2024,2,3,12,0,22,71,849,0,0,1,149,182,1,0,0,0,1,0,0
2024,2,4,25,0,22,74,850,0,0,0,151,190,1,0,0,0,1,0,0
2024,2,5,27,0,22,72,850,0,0,1,191,212,0,1,0,0,1,0,0
2024,2,6,19,0,22,74,851,0,0,1,150,183,0,1,0,0,1,0,0
2024,2,7,17,0,23,75,852,0,1,2,94,150,0,1,0,0,1,0,0
2024,2,9,8,0,23,73,851,0,1,2,42,64,0,0,1,0,1,0,0
2024,2,10,9,0,25,63,850,0,1,2,83,86,1,0,0,0,1,0,0
2024,2,11,13,0,25,62,850,0,1,2,56,65,1,0,0,0,1,0,0
2024,2,12,22,0,25,65,850,0,0,1,160,190,0,1,0,0,1,0,0
2024,2,13,21,0,25,62,850,0,1,2,81,85,0,1,0,0,1,0,0
2024,2,14,22,0,24,68,850,0,1,2,136,199,0,1,0,0,1,0,0
2024,2,15,17,0,26,61,850,0,0,2,118,134,0,0,1,0,1,0,0
2024,2,16,14,0,26,58,849,0,1,2,69,72,0,0,1,0,1,0,0
2024,2,17,18,0,26,62,849,0,0,1,133,175,1,0,0,0,1,0,0
2024,2,18,16,0,26,61,850,0,1,2,92,94,1,0,0,0,1,0,0
2024,2,19,20,0,26,60,851,0,1,2,80,89,0,1,0,0,1,0,0
2024,2,20,27,0,27,53,851,0,1,3,46,68,0,1,0,0,1,0,0
2024,2,21,30,0,22,70,851,0,1,1,113,167,0,1,0,0,1,0,0
2024,2,22,13,0,22,69,851,0,1,2,65,74,0,0,1,0,1,0,0
2024,2,23,12,0,24,62,850,0,1,2,39,51,0,0,1,0,1,0,0
2024,2,24,22,0,23,63,851,0,1,2,38,47,1,0,0,0,1,0,0
2024,2,25,17,0,24,61,853,0,1,2,40,51,1,0,0,0,1,0,0
2024,2,26,25,0,21,71,852,0,0,1,137,183,0,1,0,0,1,0,0
2024,2,27,29,0,24,63,850,0,1,2,55,68,0,1,0,0,1,0,0
2024,2,28,33,0,24,61,848,0,1,2,43,59,0,1,0,0,1,0,0
2024,2,29,38,0,24,64,849,0,0,1,68,68,0,0,1,0,1,0,0
2024,3,1,32,0,24,62,850,0,1,2,48,61,0,0,1,0,1,0,0
2024,3,2,34,0,23,66,851,0,1,2,67,72,1,0,0,0,1,0,0
2024,3,3,27,0,23,71,851,0,0,1,155,193,1,0,0,0,1,0,0
2024,3,4,37,0,24,66,850,0,0,1,89,81,0,1,0,0,1,0,0
2024,3,5,39,0,25,63,849,0,1,2,45,52,0,1,0,0,1,0,0
2024,3,8,35,0,25,63,850,0,1,2,68,71,0,0,1,0,1,0,0
2024,3,9,32,0,23,74,850,0,0,1,97,91,1,0,0,0,1,0,0
2024,3,10,35,0,26,60,849,0,0,1,107,100,1,0,0,0,1,0,0
2024,3,11,29,0,24,72,849,0,1,2,89,84,0,1,0,0,1,0,0
2024,3,12,21,0,26,61,850,0,1,2,56,59,0,1,0,0,1,0,0
2024,3,13,28,0,28,54,848,0,0,2,117,117,0,1,0,0,1,0,0
2024,3,14,20,0,26,63,848,0,1,2,69,71,0,0,1,0,1,0,0
2024,3,15,30,0,27,57,848,0,0,1,82,83,0,0,1,0,1,0,0
2024,3,16,28,0,25,65,848,0,0,1,91,84,1,0,0,0,1,0,0
2024,3,17,24,0,25,66,848,0,1,1,48,57,1,0,0,0,1,0,0
2024,3,18,33,0,27,58,848,0,0,2,131,162,0,1,0,0,1,0,0
2024,3,19,22,0,24,70,849,0,0,1,189,203,0,1,0,0,1,0,0
2024,3,20,37,0,23,75,850,0,0,1,152,186,0,1,0,0,1,0,0
2024,3,21,32,0,23,72,850,0,1,2,54,68,0,0,1,0,1,0,0
2024,3,22,32,0,26,62,850,0,0,1,100,87,0,0,1,0,1,0,0
2024,3,23,32,0,25,70,850,0,1,2,42,51,1,0,0,0,1,0,0
2024,3,24,36,0,24,70,849,0,0,1,85,83,1,0,0,0,1,0,0
2024,3,25,23,1,23,74,850,0,0,1,177,191,0,1,0,0,1,0,0
2024,3,26,26,0,24,70,850,0,0,1,188,204,0,1,0,0,1,0,0
2024,3,27,29,0,24,69,850,0,0,1,162,185,0,1,0,0,1,0,0
2024,3,28,29,1,24,70,851,0,0,1,136,186,0,0,1,0,1,0,0
2024,3,29,21,1,24,67,851,0,1,2,37,55,0,0,1,0,1,0,0
2024,3,30,28,0,24,69,850,0,1,2,59,66,1,0,0,0,1,0,0
2024,3,31,34,0,22,80,850,0,0,1,179,197,1,0,0,0,1,0,0
2024,5,1,14,1,24,74,847,0,0,1,155,189,0,1,0,0,1,0,0
2024,5,2,24,0,21,82,849,0,0,0,163,194,0,0,1,0,1,0,0
2024,5,3,25,0,23,81,849,0,0,0,171,194,0,0,1,0,1,0,0
2024,5,4,10,0,21,81,850,0,0,0,160,195,1,0,0,0,1,0,0
2024,5,5,4,0,24,72,850,0,0,1,152,184,1,0,0,0,1,0,0
2024,5,6,11,0,24,76,850,0,0,1,95,87,0,1,0,0,1,0,0
2024,5,7,11,0,24,76,849,0,0,1,189,200,0,1,0,0,1,0,0
2024,5,8,13,0,23,75,850,0,0,1,196,207,0,1,0,0,1,0,0
2024,5,9,13,0,21,84,850,0,0,0,189,207,0,0,1,0,1,0,0
2024,5,10,30,0,22,77,846,0,0,1,171,194,0,0,1,0,1,0,0
2024,5,11,20,0,21,85,850,0,0,0,184,201,1,0,0,0,1,0,0
2024,5,13,17,1,26,62,847,0,0,1,191,201,0,1,0,0,1,0,0
2024,5,14,19,0,22,80,849,0,0,1,157,195,0,1,0,0,1,0,0
2024,5,15,10,0,22,80,851,0,0,1,168,199,0,1,0,0,1,0,0
2024,5,16,19,0,21,82,851,0,0,0,172,198,0,0,1,0,1,0,0
2024,5,17,17,0,24,76,849,0,0,1,124,181,0,0,1,0,1,0,0
2024,5,18,11,0,25,68,850,0,1,2,58,66,1,0,0,0,1,0,0
2024,5,19,17,0,25,64,848,0,0,1,188,201,1,0,0,0,1,0,0
2024,5,20,19,0,23,75,848,0,0,1,171,198,0,1,0,0,1,0,0
2024,5,21,12,0,22,83,850,0,0,1,191,221,0,1,0,0,1,0,0
2024,5,22,25,0,22,79,851,0,0,1,178,194,0,1,0,0,1,0,0
2024,5,23,18,0,22,80,852,0,0,1,170,194,0,0,1,0,1,0,0
2024,5,24,17,0,23,77,851,0,0,1,124,181,0,0,1,0,1,0,0
2024,5,25,16,0,22,79,851,0,0,1,143,190,1,0,0,0,1,0,0
2024,5,26,15,0,23,74,851,0,0,1,191,207,1,0,0,0,1,0,0
2024,5,27,20,0,22,79,851,0,0,1,187,199,0,1,0,0,1,0,0
2024,5,28,18,0,24,75,851,0,0,1,186,205,0,1,0,0,1,0,0
2024,5,29,13,0,23,79,852,0,0,1,160,193,0,1,0,0,1,0,0
2024,5,30,17,0,22,81,851,0,0,1,155,184,0,0,1,0,1,0,0
2024,5,31,13,0,24,75,850,0,0,1,191,204,0,0,1,0,1,0,0
2024,7,1,12,1,23,71,849,0,0,1,176,200,0,1,0,0,1,0,0
2024,7,2,19,0,22,78,850,0,0,0,132,182,0,1,0,0,1,0,0
2024,7,3,19,0,21,81,851,0,0,0,137,181,0,1,0,0,1,0,0
2024,7,4,10,0,22,75,850,0,0,1,194,204,0,0,1,0,1,0,0
2024,7,5,20,0,21,77,851,0,0,0,187,204,0,0,1,0,1,0,0
2024,7,6,14,0,24,72,852,0,0,1,158,187,1,0,0,0,1,0,0
2024,7,7,20,0,25,68,851,0,0,1,169,192,1,0,0,0,1,0,0
2024,7,8,13,0,25,63,850,0,0,1,103,89,0,1,0,0,1,0,0
2024,7,9,13,0,25,62,849,0,0,1,152,194,0,1,0,0,1,0,0
2024,7,10,10,0,24,72,849,0,0,1,79,82,0,1,0,0,1,0,0
2024,7,11,19,0,24,70,849,0,0,1,69,89,0,0,1,0,1,0,0
2024,7,12,18,0,21,78,851,0,0,1,132,175,0,0,1,0,1,0,0
2024,7,13,26,0,24,66,849,0,0,1,153,188,1,0,0,0,1,0,0
2024,7,14,14,0,25,62,848,0,0,1,80,83,1,0,0,0,1,0,0
2024,7,15,10,0,25,64,847,0,0,1,124,183,0,1,0,0,1,0,0
2024,7,17,2,0,25,63,848,0,0,1,184,197,0,1,0,0,1,0,0
2024,7,20,14,1,24,61,848,0,0,2,123,167,1,0,0,0,1,0,0
2024,7,21,12,0,24,67,847,0,0,1,79,85,1,0,0,0,1,0,0
2024,7,22,8,0,26,60,846,0,1,2,76,78,0,1,0,0,1,0,0
2024,7,23,22,0,25,65,848,0,0,1,171,190,0,1,0,0,1,0,0
2024,7,24,20,0,25,63,850,0,0,1,156,190,0,1,0,0,1,0,0
2024,7,25,16,0,24,69,848,0,1,2,60,85,0,0,1,0,1,0,0
2024,7,26,18,0,24,70,848,0,0,1,115,187,0,0,1,0,1,0,0
2024,7,27,15,0,23,74,851,0,0,1,111,184,1,0,0,0,1,0,0
2024,7,28,9,0,23,71,851,0,0,1,68,81,1,0,0,0,1,0,0
2024,7,29,11,0,25,60,850,0,0,1,93,99,0,1,0,0,1,0,0
2024,7,30,23,0,25,59,849,0,0,1,162,199,0,1,0,0,1,0,0
2024,8,1,18,0,25,57,850,0,0,1,127,185,0,0,1,0,1,0,0
2024,8,2,10,0,24,61,851,0,1,2,59,68,0,0,1,0,1,0,0
2024,8,3,11,0,23,72,851,0,1,2,80,87,1,0,0,0,1,0,0
2024,8,4,11,0,24,73,850,0,1,2,62,79,1,0,0,0,1,0,0
2024,8,5,14,0,21,83,852,0,0,1,178,202,0,1,0,0,1,0,0
2024,8,6,19,0,21,78,852,0,0,1,196,209,0,1,0,0,1,0,0
2024,8,7,15,1,22,76,850,0,0,1,156,191,0,1,0,0,1,0,0
2024,8,8,20,0,23,76,849,0,0,1,107,184,0,0,1,0,1,0,0
2024,8,9,18,0,22,78,850,0,0,1,68,85,0,0,1,0,1,0,0
2024,8,10,17,0,21,82,851,0,0,1,124,183,1,0,0,0,1,0,0
2024,8,11,11,0,20,84,852,0,0,1,187,213,1,0,0,0,1,0,0
2024,8,12,13,0,23,71,851,0,0,1,182,209,0,1,0,0,1,0,0
2024,8,13,15,0,22,74,851,0,0,1,178,194,0,1,0,0,1,0,0
2024,8,14,16,0,24,67,851,0,0,2,92,87,0,1,0,0,1,0,0
2024,8,15,33,0,24,61,850,0,0,1,85,80,0,0,1,0,1,0,0
2024,8,16,14,0,22,67,850,0,0,1,119,159,0,0,1,0,1,0,0
2024,8,17,13,0,23,63,851,0,0,1,148,187,1,0,0,0,1,0,0
2024,8,18,13,0,24,64,851,0,0,1,146,181,1,0,0,0,1,0,0
2024,8,19,18,1,24,63,850,0,0,1,92,87,0,1,0,0,1,0,0
2024,8,20,19,0,24,64,850,0,0,1,80,82,0,1,0,0,1,0,0
2024,8,21,22,0,24,66,850,0,0,1,155,182,0,1,0,0,1,0,0
2024,8,22,11,0,23,72,850,0,0,2,208,220,0,0,1,0,1,0,0
2024,8,23,10,0,22,72,851,0,0,1,131,180,0,0,1,0,1,0,0
2024,8,24,25,0,20,84,852,0,0,1,173,196,1,0,0,0,1,0,0
2024,8,25,10,0,21,77,852,0,0,1,192,207,1,0,0,0,1,0,0
2024,8,26,24,0,22,73,851,0,0,1,181,199,0,1,0,0,1,0,0
2024,8,27,20,0,24,65,852,0,0,1,139,182,0,1,0,0,1,0,0
2024,8,28,18,0,24,68,850,0,1,2,66,78,0,1,0,0,1,0,0
2024,8,29,23,0,20,80,851,0,0,1,182,199,0,0,1,0,1,0,0
2024,8,30,37,0,23,60,851,0,0,1,190,207,0,0,1,0,1,0,0
2024,8,31,32,0,23,69,850,0,0,1,196,207,1,0,0,0,1,0,0
2024,9,1,13,0,21,79,851,0,0,1,171,199,1,0,0,0,1,0,0
2024,9,2,23,0,18,89,852,0,0,0,187,216,0,1,0,0,1,0,0
2024,9,25,21,0,24,64,849,0,0,2,193,200,0,1,0,0,1,0,0
2024,9,26,21,0,18,83,852,0,0,1,189,203,0,0,1,0,1,0,0
2024,9,27,38,0,18,85,851,0,0,0,183,200,0,0,1,0,1,0,0
2024,9,28,33,0,19,81,851,0,0,1,190,203,1,0,0,0,1,0,0
2024,9,29,21,0,18,88,852,0,0,0,181,203,1,0,0,0,1,0,0
2024,9,30,30,0,19,86,852,0,0,1,149,190,0,1,0,0,1,0,0
